sku,encoded
SKU:  2X-3C0F-KNJE,2
SKU:  DN-0WDX-VYOT,22
SKU:  DN-0WDX-VYOT,22
SKU:  AH-J3AO-R7DN,17
SKU:  KL-7WAA-Z82I,29
SKU:  HH-FOWV-5YWO,27
SKU:  TQ-OE6K-9DIK,44
SKU:  S1-A92Q-JU3X,41
SKU:  3F-4R9N-Z8NJ,3
SKU:  NU-CKZ5-4O49,33
SKU:  2X-3C0F-KNJE,2
SKU:  DN-0WDX-VYOT,22
SKU:  94-TSV3-EIW6,14
SKU:  FL-4CMG-CU48,23
SKU:  YJ-5CCT-M3PP,53
SKU:  KL-7WAA-Z82I,29
SKU:  TQ-OE6K-9DIK,44
SKU:  PG-WS6J-89DG,37
SKU:  O9-OVS7-G9XK,35
SKU:  S1-A92Q-JU3X,41
SKU:  AY-Z7BT-BMVM,18
SKU:  DN-0WDX-VYOT,22
SKU:  DN-0WDX-VYOT,22
SKU:  AY-Z7BT-BMVM,18
SKU:  3O-GBSM-TYZE,4
SKU:  TQ-OE6K-9DIK,44
SKU:  AH-J3AO-R7DN,17
SKU:  DN-0WDX-VYOT,22
SKU:  0M-RFE6-443C,0
SKU:  DN-0WDX-VYOT,22
SKU:  DN-0WDX-VYOT,22
SKU:  TY-4GPW-U54J,45
SKU:  DN-0WDX-VYOT,22
SKU:  DN-0WDX-VYOT,22
SKU:  9S-GE8P-RIR4,15
SKU:  3F-4R9N-Z8NJ,3
SKU:  0M-RFE6-443C,0
SKU:  CR-6E69-UXFW,19
SKU:  0M-RFE6-443C,0
SKU:  54-D265-B74K,8
SKU:  D4-UD68-TMXH,20
SKU:  9S-GE8P-RIR4,15
SKU:  DN-0WDX-VYOT,22
SKU:  S1-A92Q-JU3X,41
SKU:  DN-0WDX-VYOT,22
SKU:  9S-GE8P-RIR4,15
SKU:  KL-7WAA-Z82I,29
SKU:  I1-AWVT-2QOL,28
SKU:  NU-CKZ5-4O49,33
SKU:  TQ-OE6K-9DIK,44
SKU:  WR-ANCX-U28C,51
SKU:  W4-JQ2J-ZUF2,50
SKU:  5B-NW9K-L3AO,9
SKU:  DN-0WDX-VYOT,22
SKU:  86-JXO3-EJ7K,12
SKU:  0M-RFE6-443C,0
SKU:  3O-GBSM-TYZE,4
SKU:  0M-RFE6-443C,0
SKU:  SB-WDQN-SDN9,42
SKU:  3O-GBSM-TYZE,4
SKU:  QV-PHXY-LGY8,39
SKU:  0M-RFE6-443C,0
SKU:  H6-A9OJ-C0Q1,26
SKU:  3O-GBSM-TYZE,4
SKU:  DN-0WDX-VYOT,22
SKU:  DN-0WDX-VYOT,22
SKU:  1T-RAUZ-UZKO,1
SKU:  DN-0WDX-VYOT,22
SKU:  CR-6E69-UXFW,19
SKU:  DN-0WDX-VYOT,22
SKU:  0M-RFE6-443C,0
SKU:  UR-WJJ0-I3TN,47
SKU:  RG-29TH-MROF,40
SKU:  GP-RMI4-GJ6L,25
SKU:  SB-WDQN-SDN9,42
SKU:  U1-8YOK-510E,46
SKU:  5B-NW9K-L3AO,9
SKU:  9S-GE8P-RIR4,15
SKU:  DN-0WDX-VYOT,22
SKU:  D9-CVL3-8JF6,21
SKU:  54-D265-B74K,8
SKU:  G4-B5GQ-8V30,24
SKU:  TY-4GPW-U54J,45
SKU:  NV-1DWM-41VX,34
SKU:  PG-WS6J-89DG,37
SKU:  9W-AS6W-6O9X,16
SKU:  DN-0WDX-VYOT,22
SKU:  UR-WJJ0-I3TN,47
SKU:  S1-A92Q-JU3X,41
SKU:  QD-RNE2-2FH8,38
SKU:  3V-FKXN-C4QJ,5
SKU:  0M-RFE6-443C,0
SKU:  TQ-OE6K-9DIK,44
SKU:  O9-OVS7-G9XK,35
SKU:  G4-B5GQ-8V30,24
SKU:  2X-3C0F-KNJE,2
SKU:  0M-RFE6-443C,0
SKU:  DN-0WDX-VYOT,22
SKU:  D9-CVL3-8JF6,21
SKU:  54-D265-B74K,8
SKU:  P1-LF2X-L3ZC,36
SKU:  GP-RMI4-GJ6L,25
SKU:  UR-WJJ0-I3TN,47
SKU:  DN-0WDX-VYOT,22
SKU:  TQ-OE6K-9DIK,44
SKU:  7K-6YIU-KO0R,11
SKU:  PG-WS6J-89DG,37
SKU:  54-D265-B74K,8
SKU:  W4-JQ2J-ZUF2,50
SKU:  NT-6I2C-2TWX,32
SKU:  2X-3C0F-KNJE,2
SKU:  SB-WDQN-SDN9,42
SKU:  X2-PMD5-PL2D,52
SKU:  54-D265-B74K,8
SKU:  V6-KQJX-XGP2,48
SKU:  2X-3C0F-KNJE,2
SKU:  SB-WDQN-SDN9,42
SKU:  SB-WDQN-SDN9,42
SKU:  DN-0WDX-VYOT,22
SKU:  CR-6E69-UXFW,19
SKU:  4H-Y62P-R483,6
SKU:  SB-WDQN-SDN9,42
SKU:  4V-I7XD-JQVR,7
SKU:  8V-OQ14-I63T,13
SKU:  CR-6E69-UXFW,19
SKU:  W4-JQ2J-ZUF2,50
SKU:  4V-I7XD-JQVR,7
SKU:  94-TSV3-EIW6,14
SKU:  ST-27BR-VEMQ,43
SKU:  3F-4R9N-Z8NJ,3
SKU:  NV-1DWM-41VX,34
SKU:  DN-0WDX-VYOT,22
SKU:  AY-Z7BT-BMVM,18
SKU:  NN-AGEZ-5DUM,31
SKU:  DN-0WDX-VYOT,22
SKU:  DN-0WDX-VYOT,22
SKU:  DN-0WDX-VYOT,22
SKU:  CR-6E69-UXFW,19
SKU:  NN-AGEZ-5DUM,31
SKU:  NV-1DWM-41VX,34
SKU:  W4-JQ2J-ZUF2,50
SKU:  5B-NW9K-L3AO,9
SKU:  DN-0WDX-VYOT,22
SKU:  3F-4R9N-Z8NJ,3
SKU:  CR-6E69-UXFW,19
SKU:  5B-NW9K-L3AO,9
SKU:  PG-WS6J-89DG,37
SKU:  3F-4R9N-Z8NJ,3
SKU:  G4-B5GQ-8V30,24
SKU:  DN-0WDX-VYOT,22
SKU:  DN-0WDX-VYOT,22
SKU:  4V-I7XD-JQVR,7
SKU:  V6-VUWR-856W,49
SKU:  CR-6E69-UXFW,19
SKU:  U1-8YOK-510E,46
SKU:  DN-0WDX-VYOT,22
SKU:  0M-RFE6-443C,0
SKU:  S1-A92Q-JU3X,41
SKU:  78-ZYA1-UMZH,10
SKU:  CR-6E69-UXFW,19
SKU:  DN-0WDX-VYOT,22
SKU:  DN-0WDX-VYOT,22
SKU:  WR-ANCX-U28C,51
SKU:  2X-3C0F-KNJE,2
SKU:  3F-4R9N-Z8NJ,3
SKU:  S1-A92Q-JU3X,41
SKU:  DN-0WDX-VYOT,22
SKU:  SB-WDQN-SDN9,42
SKU:  SB-WDQN-SDN9,42
SKU:  N8-YFZF-P74I,30
SKU:  2X-3C0F-KNJE,2
